"Player Name, Position"
"Lamar Jackson,Quarterback"
"Derrick Henry,Running Back"
"Justice Hill,Running Back"
"Zay Flowers,Wide Receiver"
"Rashod Bateman,Wide Receiver"
"Ja'Kobi Lane,Wide Receiver"
"Devontez Walker,Wide Receiver"
"Elijah Sarratt,Wide Receiver"
"LaJohntay Wester,Wide Receiver"
"Mark Andrews,Tight End"
"Durham Smythe,Tight End"
"Ronnie Stanley,Offensive Tackle"
"John Simpson,Guard"
"Ethan Pocic,Center"
"Vega Ioane,Guard"
"Roger Rosengarten,Offensive Tackle"
"Andrew Vorhees,Guard"
"Emery Jones Jr.,Offensive Tackle"
"Nnamdi Madubuike,Defensive Tackle"
"Travis Jones,Defensive Tackle"
"Calais Campbell,Defensive End"
"Broderick Washington Jr.,Defensive Tackle"
"John Jenkins,Defensive Tackle"
"Trey Hendrickson,Linebacker"
"Tavius Robinson,Linebacker"
"Mike Green,Linebacker"
"Roquan Smith,Linebacker"
"Trenton Simpson,Linebacker"
"Teddye Buchanan,Linebacker"
"Jay Higgins IV,Linebacker"
"Nate Wiggins,Cornerback"
"Marlon Humphrey,Cornerback"
"Chidobe Awuzie,Cornerback"
"T.J. Tampa,Cornerback"
"Chandler Rivers,Cornerback"
"Kyle Hamilton,Safety"
"Malaki Starks,Safety"
"Tyler Loop,Placekicker"
"Ryan Eckley,Punter"
