Category,Name,Position
Players,Lamar Jackson,Quarterback
Players,Derrick Henry,Running Back
Players,Justice Hill,Running Back
Players,Zay Flowers,Wide Receiver
Players,Rashod Bateman,Wide Receiver
Players,Ja'Kobi Lane,Wide Receiver
Players,Devontez Walker,Wide Receiver
Players,Elijah Sarratt,Wide Receiver
Players,LaJohntay Wester,Wide Receiver
Players,Mark Andrews,Tight End
Players,Durham Smythe,Tight End
Players,Ronnie Stanley,Offensive Tackle
Players,John Simpson,Guard
Players,Ethan Pocic,Center
Players,Vega Ioane,Guard
Players,Roger Rosengarten,Offensive Tackle
Players,Andrew Vorhees,Guard
Players,Emery Jones Jr.,Offensive Tackle
Players,Nnamdi Madubuike,Defensive Tackle
Players,Travis Jones,Defensive Tackle
Players,Calais Campbell,Defensive End
Players,Broderick Washington Jr.,Defensive Tackle
Players,John Jenkins,Defensive Tackle
Players,Trey Hendrickson,Linebacker
Players,Tavius Robinson,Linebacker
Players,Mike Green,Linebacker
Players,Roquan Smith,Linebacker
Players,Trenton Simpson,Linebacker
Players,Teddye Buchanan,Linebacker
Players,Jay Higgins IV,Linebacker
Players,Nate Wiggins,Cornerback
Players,Marlon Humphrey,Cornerback
Players,Chidobe Awuzie,Cornerback
Players,T.J. Tampa,Cornerback
Players,Chandler Rivers,Cornerback
Players,Kyle Hamilton,Safety
Players,Malaki Starks,Safety
Players,Tyler Loop,Placekicker
Players,Ryan Eckley,Punter
Coaches,John Harbaugh,Head Coach
Coaches,Declan Doyle,Offensive Coordinator
Coaches,Anthony Weaver,Defensive Coordinator
Coaches,Anthony Levine Sr.,Special Teams Coordinator
Coaches,Harland Bower,Outside Linebackers Coach
Coaches,Marcus Brady,Passing Game Coordinator
Coaches,Randy Brown,Senior Special Teams Coach
Coaches,Kenan Clarke,Coaching Fellowship
Coaches,Eliana Detata,Coaching Fellowship
Coaches,Ben Davis,Coaching Research Engineer
Coaches,Christina Deruyter,Chief of Staff to the Head Coach
Coaches,Keary Colbert,Wide Receivers Coach
Coaches,Eddie Faulkner,Running Backs Coach
Coaches,Lou Esposito,Defensive Line Coach
Coaches,Shawn Flaherty,Assistant Offensive Line Coach
Coaches,Charlie Gelman,Game Management Coordinator/Defensive Assistant
Coaches,Prentice Gill,Assistant Wide Receivers Coach
Coaches,Greg Goines,Assistant Strength and Conditioning Coach
Coaches,Zack Grossi,Tight Ends Coach
Coaches,Travis Hawkins,Coaching Fellow
Coaches,Ben Kotwica,Senior Assistant Special Teams Coach
Coaches,Patrick Kramer,Offensive Quality Control Coach
Coaches,Dwayne Ledford,Run Game Coordinator/Offensive Line Coach
Coaches,Joe Lombardi,Senior Offensive Assistant Coach
Coaches,Megan McLaughlin,Senior Director of Football Information
Coaches,Tony Michalek,Officiating Liaison
Coaches,Mike Mickens,Pass Game Coordinator/Secondary
Coaches,Rick Minter,Football Analyst
Coaches,Matt O'Donnell,Defensive Assistant
Coaches,Alex Officer,Coaching Fellow
Coaches,Andrew Rogan,Defensive Quality Control Coach
Coaches,Tyler Santucci,Inside Linebackers Coach
Coaches,Miles Taylor,Assistant Defensive Backs Coach
Coaches,Opetaia Tuiava,Coaching Fellow
Coaches,PJ Volker,Safeties Coach
Coaches,Israel Woolfork,Quarterbacks Coach
Support Staff,Jenn Hoffman,Chief of Staff to the General Manager
Support Staff,Joey Cleary,Director of College Scouting
Support Staff,Corey Frazier,Director of Pro Personnel
Support Staff,Derrick Yam,Director of Data & Decision Science
Support Staff,Jameel McClain,Director of Player Engagement
Support Staff,Dr. Nic Gill,VP of Health and Performance
Support Staff,Adrian Dixon,Head Certified Athletic Trainer
Support Staff,Chris Marroquin,Director of Player Rehabilitation
Support Staff,Kenico Hines,Head Equipment Manager
Support Staff,Mark Bienvenu,VP of Football Video Operations
Support Staff,Collin Ferguson,Director of Football Video Operations
Support Staff,Spencer Krock,Football Communications Coordinator
